iso,location_name,year,val,parent_location,sdi_value,is_country
CHN,China,1990,42.6,CHN,0.5121,1
CHN,China,2016,77.9,CHN,0.726635,1
PRK,North Korea,1990,49.6,PRK,0.5047,1
PRK,North Korea,2016,53.4,PRK,0.493605,1
TWN,Taiwan,1990,60.6,TWN,0.7337,1
TWN,Taiwan,2016,85.4,TWN,0.875076,1
KHM,Cambodia,1990,20.3,KHM,0.3009,1
KHM,Cambodia,2016,39.4,KHM,0.502945,1
IDN,Indonesia,1990,28.9,IDN,0.5013,1
IDN,Indonesia,2016,44.5,IDN,0.67623,1
LAO,Laos,1990,18,LAO,0.3032,1
LAO,Laos,2016,36.6,LAO,0.511819,1
MYS,Malaysia,1990,44.2,MYS,0.5636,1
MYS,Malaysia,2016,68.1,MYS,0.772662,1
MDV,Maldives,1990,37.6,MDV,0.4331,1
MDV,Maldives,2016,70.4,MDV,0.687126,1
MMR,Myanmar,1990,19.9,MMR,0.3491,1
MMR,Myanmar,2016,41.6,MMR,0.589831,1
PHL,Philippines,1990,39,PHL,0.5198,1
PHL,Philippines,2016,51.2,PHL,0.641983,1
LKA,Sri Lanka,1990,47.4,LKA,0.5124,1
LKA,Sri Lanka,2016,70.6,LKA,0.702951,1
THA,Thailand,1990,44.4,THA,0.5445,1
THA,Thailand,2016,69.5,THA,0.728739,1
TLS,Timor-Leste,1990,22.2,TLS,0.3232,1
TLS,Timor-Leste,2016,43.4,TLS,0.532415,1
VNM,Vietnam,1990,36.6,VNM,0.4393,1
VNM,Vietnam,2016,60.3,VNM,0.638986,1
FJI,Fiji,1990,41,FJI,0.5996,1
FJI,Fiji,2016,47.9,FJI,0.736468,1
KIR,Kiribati,1990,20.3,KIR,0.3074,1
KIR,Kiribati,2016,26.5,KIR,0.446239,1
MHL,Marshall Islands,1990,33.1,MHL,0.4655,1
MHL,Marshall Islands,2016,43,MHL,0.575191,1
FSM,Federated States of Micronesia,1990,27.9,FSM,0.4342,1
FSM,Federated States of Micronesia,2016,41.6,FSM,0.612499,1
PNG,Papua New Guinea,1990,22.9,PNG,0.2956,1
PNG,Papua New Guinea,2016,31.8,PNG,0.418442,1
WSM,Samoa,1990,37.4,WSM,0.4509,1
WSM,Samoa,2016,47.6,WSM,0.562294,1
SLB,Solomon Islands,1990,26.7,SLB,0.3180,1
SLB,Solomon Islands,2016,32.4,SLB,0.443744,1
TON,Tonga,1990,38.4,TON,0.4544,1
TON,Tonga,2016,49.6,TON,0.585739,1
VUT,Vanuatu,1990,28.2,VUT,0.3350,1
VUT,Vanuatu,2016,32.4,VUT,0.47908,1
ARM,Armenia,1990,55.7,ARM,0.6443,1
ARM,Armenia,2016,70.7,ARM,0.754748,1
AZE,Azerbaijan,1990,49.6,AZE,0.6678,1
AZE,Azerbaijan,2016,65.6,AZE,0.766797,1
GEO,Georgia,1990,61.2,GEO,0.7197,1
GEO,Georgia,2016,67.1,GEO,0.751327,1
KAZ,Kazakhstan,1990,55.5,KAZ,0.6812,1
KAZ,Kazakhstan,2016,69.1,KAZ,0.756674,1
KGZ,Kyrgyzstan,1990,50.9,KGZ,0.6036,1
KGZ,Kyrgyzstan,2016,60.6,KGZ,0.631531,1
MNG,Mongolia,1990,36.6,MNG,0.5567,1
MNG,Mongolia,2016,53.4,MNG,0.682812,1
TJK,Tajikistan,1990,41.3,TJK,0.5193,1
TJK,Tajikistan,2016,51.7,TJK,0.577462,1
TKM,Turkmenistan,1990,45.4,TKM,0.5769,1
TKM,Turkmenistan,2016,61.6,TKM,0.758628,1
UZB,Uzbekistan,1990,50.3,UZB,0.5436,1
UZB,Uzbekistan,2016,62.9,UZB,0.697828,1
ALB,Albania,1990,54.8,ALB,0.5845,1
ALB,Albania,2016,75.4,ALB,0.724604,1
BIH,Bosnia and Herzegovina,1990,52.3,BIH,0.5425,1
BIH,Bosnia and Herzegovina,2016,72.2,BIH,0.733137,1
BGR,Bulgaria,1990,65.1,BGR,0.7600,1
BGR,Bulgaria,2016,77.2,BGR,0.846102,1
HRV,Croatia,1990,73.9,HRV,0.7860,1
HRV,Croatia,2016,86.9,HRV,0.849854,1
CZE,Czech Republic,1990,72.2,CZE,0.8116,1
CZE,Czech Republic,2016,89,CZE,0.881141,1
HUN,Hungary,1990,66.4,HUN,0.7525,1
HUN,Hungary,2016,82.1,HUN,0.849027,1
MKD,Macedonia,1990,59.3,MKD,0.7002,1
MKD,Macedonia,2016,75.1,MKD,0.792623,1
MNE,Montenegro,1990,69.1,MNE,0.7501,1
MNE,Montenegro,2016,81,MNE,0.815175,1
POL,Poland,1990,61,POL,0.7347,1
POL,Poland,2016,82.4,POL,0.872039,1
ROU,Romania,1990,59.1,ROU,0.7307,1
ROU,Romania,2016,78.3,ROU,0.837926,1
SRB,Serbia,1990,64.7,SRB,0.7005,1
SRB,Serbia,2016,77.2,SRB,0.770932,1
SVK,Slovakia,1990,67.8,SVK,0.7848,1
SVK,Slovakia,2016,83.3,SVK,0.879864,1
SVN,Slovenia,1990,74.1,SVN,0.8133,1
SVN,Slovenia,2016,90.8,SVN,0.880735,1
BLR,Belarus,1990,64.8,BLR,0.7382,1
BLR,Belarus,2016,79,BLR,0.825713,1
EST,Estonia,1990,68.2,EST,0.7986,1
EST,Estonia,2016,85.9,EST,0.887431,1
LVA,Latvia,1990,67.3,LVA,0.7828,1
LVA,Latvia,2016,80.7,LVA,0.853206,1
LTU,Lithuania,1990,69.3,LTU,0.7916,1
LTU,Lithuania,2016,80.5,LTU,0.876201,1
MDA,Moldova,1990,56.6,MDA,0.6465,1
MDA,Moldova,2016,67.4,MDA,0.703395,1
RUS,Russian Federation,1990,63.1,RUS,0.7736,1
RUS,Russian Federation,2016,75.1,RUS,0.831658,1
UKR,Ukraine,1990,64.9,UKR,0.7481,1
UKR,Ukraine,2016,74.6,UKR,0.79273,1
BRN,Brunei,1990,62.9,BRN,0.7444,1
BRN,Brunei,2016,76.4,BRN,0.870997,1
JPN,Japan,1990,80.9,JPN,0.8222,1
JPN,Japan,2016,94.1,JPN,0.883554,1
KOR,South Korea,1990,59.5,KOR,0.7384,1
KOR,South Korea,2016,90.3,KOR,0.880985,1
SGP,Singapore,1990,69.2,SGP,0.7409,1
SGP,Singapore,2016,90.6,SGP,0.885758,1
AUS,Australia,1990,83.9,AUS,0.8177,1
AUS,Australia,2016,95.9,AUS,0.892446,1
NZL,New Zealand,1990,80.2,NZL,0.8031,1
NZL,New Zealand,2016,92.4,NZL,0.866765,1
AND,Andorra,1990,84.7,AND,0.8680,1
AND,Andorra,2016,94.7,AND,0.914754,1
AUT,Austria,1990,80.9,AUT,0.8298,1
AUT,Austria,2016,93.9,AUT,0.89224,1
BEL,Belgium,1990,80.7,BEL,0.8432,1
BEL,Belgium,2016,92.9,BEL,0.898826,1
CYP,Cyprus,1990,68.3,CYP,0.7450,1
CYP,Cyprus,2016,90.3,CYP,0.87178,1
DNK,Denmark,1990,81.1,DNK,0.8796,1
DNK,Denmark,2016,92.1,DNK,0.925345,1
FIN,Finland,1990,81,FIN,0.8408,1
FIN,Finland,2016,95.9,FIN,0.907085,1
FRA,France,1990,77.6,FRA,0.7986,1
FRA,France,2016,91.7,FRA,0.868848,1
DEU,Germany,1990,78.9,DEU,0.8288,1
DEU,Germany,2016,92,DEU,0.888682,1
GRC,Greece,1990,79.5,GRC,0.7651,1
GRC,Greece,2016,90.4,GRC,0.853194,1
ISL,Iceland,1990,87,ISL,0.8471,1
ISL,Iceland,2016,97.1,ISL,0.9213,1
IRL,Ireland,1990,76.3,IRL,0.7679,1
IRL,Ireland,2016,94.6,IRL,0.885453,1
ISR,Israel,1990,71.2,ISR,0.7362,1
ISR,Israel,2016,84.8,ISR,0.800968,1
ITA,Italy,1990,81.5,ITA,0.7983,1
ITA,Italy,2016,94.9,ITA,0.866899,1
LUX,Luxembourg,1990,81.4,LUX,0.8761,1
LUX,Luxembourg,2016,96,LUX,0.935802,1
MLT,Malta,1990,75,MLT,0.7519,1
MLT,Malta,2016,89.9,MLT,0.856283,1
NLD,Netherlands,1990,84.1,NLD,0.8499,1
NLD,Netherlands,2016,96.1,NLD,0.918116,1
NOR,Norway,1990,84,NOR,0.8473,1
NOR,Norway,2016,96.6,NOR,0.922449,1
PRT,Portugal,1990,67.1,PRT,0.6868,1
PRT,Portugal,2016,85.7,PRT,0.796191,1
ESP,Spain,1990,76.2,ESP,0.7459,1
ESP,Spain,2016,91.9,ESP,0.8482,1
SWE,Sweden,1990,85.2,SWE,0.8066,1
SWE,Sweden,2016,95.5,SWE,0.872396,1
CHE,Switzerland,1990,86.8,CHE,0.8689,1
CHE,Switzerland,2016,95.6,CHE,0.901283,1
GBR,United Kingdom,1990,78,GBR,0.7635,1
GBR,United Kingdom,2016,90.5,GBR,0.863431,1
ARG,Argentina,1990,53.8,ARG,0.6385,1
ARG,Argentina,2016,68.1,ARG,0.761311,1
CHL,Chile,1990,56.5,CHL,0.6446,1
CHL,Chile,2016,77.9,CHL,0.799811,1
URY,Uruguay,1990,57.9,URY,0.6406,1
URY,Uruguay,2016,71,URY,0.747342,1
CAN,Canada,1990,83.2,CAN,0.8469,1
CAN,Canada,2016,93.8,CAN,0.908101,1
USA,United States,1990,80.7,USA,0.8525,1
USA,United States,2016,88.7,USA,0.89886,1
ATG,Antigua and Barbuda,1990,57,ATG,0.6844,1
ATG,Antigua and Barbuda,2016,69.8,ATG,0.777606,1
BHS,The Bahamas,1990,56.1,BHS,0.7188,1
BHS,The Bahamas,2016,66.4,BHS,0.78291,1
BRB,Barbados,1990,59.3,BRB,0.7262,1
BRB,Barbados,2016,70.8,BRB,0.796649,1
BLZ,Belize,1990,46.6,BLZ,0.4519,1
BLZ,Belize,2016,55.7,BLZ,0.624682,1
CUB,Cuba,1990,63.7,CUB,0.6849,1
CUB,Cuba,2016,75.5,CUB,0.777683,1
DMA,Dominica,1990,52.4,DMA,0.5957,1
DMA,Dominica,2016,61.9,DMA,0.733668,1
DOM,Dominican Republic,1990,38.4,DOM,0.5269,1
DOM,Dominican Republic,2016,61.2,DOM,0.696063,1
GRD,Grenada,1990,47.2,GRD,0.5001,1
GRD,Grenada,2016,58.5,GRD,0.703783,1
GUY,Guyana,1990,38.4,GUY,0.5170,1
GUY,Guyana,2016,49.8,GUY,0.648584,1
HTI,Haiti,1990,16.7,HTI,0.3033,1
HTI,Haiti,2016,32.1,HTI,0.431935,1
JAM,Jamaica,1990,51.1,JAM,0.5989,1
JAM,Jamaica,2016,62,JAM,0.70121,1
LCA,Saint Lucia,1990,48.9,LCA,0.5548,1
LCA,Saint Lucia,2016,63.3,LCA,0.713116,1
VCT,Saint Vincent and the Grenadines,1990,49.6,VCT,0.5159,1
VCT,Saint Vincent and the Grenadines,2016,57.4,VCT,0.667484,1
SUR,Suriname,1990,41.9,SUR,0.5658,1
SUR,Suriname,2016,54.5,SUR,0.69568,1
TTO,Trinidad and Tobago,1990,51.2,TTO,0.6546,1
TTO,Trinidad and Tobago,2016,64.3,TTO,0.766228,1
BOL,Bolivia,1990,26.2,BOL,0.4249,1
BOL,Bolivia,2016,48.8,BOL,0.610253,1
ECU,Ecuador,1990,37.8,ECU,0.5300,1
ECU,Ecuador,2016,62.2,ECU,0.674331,1
PER,Peru,1990,38.6,PER,0.5480,1
PER,Peru,2016,64.3,PER,0.677973,1
COL,Colombia,1990,48.5,COL,0.5503,1
COL,Colombia,2016,68.5,COL,0.706776,1
CRI,Costa Rica,1990,60.7,CRI,0.5700,1
CRI,Costa Rica,2016,73.7,CRI,0.725987,1
SLV,El Salvador,1990,38.1,SLV,0.4445,1
SLV,El Salvador,2016,63.2,SLV,0.644843,1
GTM,Guatemala,1990,30.4,GTM,0.3648,1
GTM,Guatemala,2016,51.5,GTM,0.560823,1
HND,Honduras,1990,28.1,HND,0.3809,1
HND,Honduras,2016,46.5,HND,0.56729,1
MEX,Mexico,1990,45.5,MEX,0.5552,1
MEX,Mexico,2016,66.3,MEX,0.733514,1
NIC,Nicaragua,1990,43.1,NIC,0.4342,1
NIC,Nicaragua,2016,61.2,NIC,0.588263,1
PAN,Panama,1990,52.1,PAN,0.6029,1
PAN,Panama,2016,68.3,PAN,0.751777,1
VEN,Venezuela,1990,51.3,VEN,0.5905,1
VEN,Venezuela,2016,67.8,VEN,0.741684,1
BRA,Brazil,1990,46.5,BRA,0.5402,1
BRA,Brazil,2016,63.8,BRA,0.707937,1
PRY,Paraguay,1990,43.1,PRY,0.4732,1
PRY,Paraguay,2016,56.7,PRY,0.667808,1
DZA,Algeria,1990,42.8,DZA,0.4629,1
DZA,Algeria,2016,63.1,DZA,0.675676,1
BHR,Bahrain,1990,49.9,BHR,0.5861,1
BHR,Bahrain,2016,72,BHR,0.738162,1
EGY,Egypt,1990,34.2,EGY,0.4577,1
EGY,Egypt,2016,58,EGY,0.652509,1
IRN,Iran,1990,49.3,IRN,0.5104,1
IRN,Iran,2016,71.8,IRN,0.769037,1
IRQ,Iraq,1990,42.4,IRQ,0.3912,1
IRQ,Iraq,2016,51.1,IRQ,0.47418,1
JOR,Jordan,1990,50,JOR,0.4827,1
JOR,Jordan,2016,70.2,JOR,0.693579,1
KWT,Kuwait,1990,66.8,KWT,0.6519,1
KWT,Kuwait,2016,80.7,KWT,0.832489,1
LBN,Lebanon,1990,53.1,LBN,0.6270,1
LBN,Lebanon,2016,85.6,LBN,0.809543,1
LBY,Libya,1990,50.9,LBY,0.6054,1
LBY,Libya,2016,71.1,LBY,0.806425,1
MAR,Morocco,1990,37.5,MAR,0.3812,1
MAR,Morocco,2016,57.6,MAR,0.617295,1
PSE,Palestine,1990,48.1,PSE,0.4107,1
PSE,Palestine,2016,57.4,PSE,0.449653,1
OMN,Oman,1990,52.5,OMN,0.2340,1
OMN,Oman,2016,76.2,OMN,0.719889,1
QAT,Qatar,1990,57.7,QAT,0.6223,1
QAT,Qatar,2016,81.7,QAT,0.787805,1
SAU,Saudi Arabia,1990,49.9,SAU,0.3682,1
SAU,Saudi Arabia,2016,77.1,SAU,0.797044,1
SYR,Syria,1990,45.5,SYR,0.3756,1
SYR,Syria,2016,67.2,SYR,0.637801,1
TUN,Tunisia,1990,47.6,TUN,0.4755,1
TUN,Tunisia,2016,69.4,TUN,0.696208,1
TUR,Turkey,1990,42.5,TUR,0.5760,1
TUR,Turkey,2016,74.4,TUR,0.761722,1
ARE,United Arab Emirates,1990,49.8,ARE,0.5568,1
ARE,United Arab Emirates,2016,70.3,ARE,0.771587,1
YEM,Yemen,1990,25.2,YEM,0.1731,1
YEM,Yemen,2016,43.3,YEM,0.450403,1
AFG,Afghanistan,1990,15.8,AFG,0.1578,1
AFG,Afghanistan,2016,25.9,AFG,0.28105,1
BGD,Bangladesh,1990,17.8,BGD,0.3146,1
BGD,Bangladesh,2016,47.6,BGD,0.510923,1
BTN,Bhutan,1990,20,BTN,0.3014,1
BTN,Bhutan,2016,47.3,BTN,0.588445,1
IND,India,1990,24.7,IND,0.3570,1
IND,India,2016,41.2,IND,0.584429,1
NPL,Nepal,1990,21,NPL,0.2423,1
NPL,Nepal,2016,40,NPL,0.45225,1
PAK,Pakistan,1990,26.8,PAK,0.2966,1
PAK,Pakistan,2016,37.6,PAK,0.518959,1
AGO,Angola,1990,18.4,AGO,0.2522,1
AGO,Angola,2016,33.4,AGO,0.43087,1
CAF,Central African Republic,1990,15.8,CAF,0.2466,1
CAF,Central African Republic,2016,18.6,CAF,0.316135,1
COG,Congo,1990,21,COG,0.3794,1
COG,Congo,2016,34.1,COG,0.531159,1
COD,Democratic Republic of the Congo,1990,21.6,COD,0.2827,1
COD,Democratic Republic of the Congo,2016,29.6,COD,0.312402,1
GNQ,Equatorial Guinea,1990,13.9,GNQ,0.2904,1
GNQ,Equatorial Guinea,2016,49.3,GNQ,0.669302,1
GAB,Gabon,1990,27.7,GAB,0.4576,1
GAB,Gabon,2016,40.4,GAB,0.622429,1
BDI,Burundi,1990,14.3,BDI,0.1881,1
BDI,Burundi,2016,27.4,BDI,0.276533,1
COM,Comoros,1990,19.4,COM,0.2748,1
COM,Comoros,2016,33,COM,0.448803,1
DJI,Djibouti,1990,23.1,DJI,0.1989,1
DJI,Djibouti,2016,35,DJI,0.415686,1
ERI,Eritrea,1990,12.2,ERI,0.1873,1
ERI,Eritrea,2016,27.6,ERI,0.389241,1
ETH,Ethiopia,1990,10.6,ETH,0.1532,1
ETH,Ethiopia,2016,28.1,ETH,0.325976,1
KEN,Kenya,1990,32.4,KEN,0.3348,1
KEN,Kenya,2016,39.5,KEN,0.520119,1
MDG,Madagascar,1990,20.6,MDG,0.2548,1
MDG,Madagascar,2016,29.6,MDG,0.365408,1
MWI,Malawi,1990,19,MWI,0.2046,1
MWI,Malawi,2016,32.2,MWI,0.348416,1
MUS,Mauritius,1990,53.9,MUS,0.6101,1
MUS,Mauritius,2016,68.7,MUS,0.755897,1
MOZ,Mozambique,1990,13.8,MOZ,0.1445,1
MOZ,Mozambique,2016,30,MOZ,0.305604,1
RWA,Rwanda,1990,16.7,RWA,0.1814,1
RWA,Rwanda,2016,36,RWA,0.390384,1
SYC,Seychelles,1990,45.9,SYC,0.6028,1
SYC,Seychelles,2016,65.6,SYC,0.735828,1
SOM,Somalia,1990,12.8,SOM,0.1868,1
SOM,Somalia,2016,19,SOM,0.267944,1
TZA,Tanzania,1990,21.9,TZA,0.2454,1
TZA,Tanzania,2016,33.9,TZA,0.428073,1
UGA,Uganda,1990,19.3,UGA,0.1768,1
UGA,Uganda,2016,31.4,UGA,0.377148,1
ZMB,Zambia,1990,21.9,ZMB,0.2992,1
ZMB,Zambia,2016,29,ZMB,0.460167,1
BWA,Botswana,1990,36.5,BWA,0.5080,1
BWA,Botswana,2016,51.5,BWA,0.700942,1
LSO,Lesotho,1990,30.3,LSO,0.3700,1
LSO,Lesotho,2016,32,LSO,0.551648,1
NAM,Namibia,1990,27.5,NAM,0.4275,1
NAM,Namibia,2016,44.6,NAM,0.624194,1
ZAF,South Africa,1990,40.1,ZAF,0.5955,1
ZAF,South Africa,2016,49.7,ZAF,0.733629,1
SWZ,Swaziland,1990,32,SWZ,0.4541,1
SWZ,Swaziland,2016,40.5,SWZ,0.589031,1
ZWE,Zimbabwe,1990,37.3,ZWE,0.4322,1
ZWE,Zimbabwe,2016,31.2,ZWE,0.496814,1
BEN,Benin,1990,19.7,BEN,0.2168,1
BEN,Benin,2016,30.8,BEN,0.351444,1
BFA,Burkina Faso,1990,16.4,BFA,0.1254,1
BFA,Burkina Faso,2016,30.1,BFA,0.27443,1
CMR,Cameroon,1990,23.4,CMR,0.3409,1
CMR,Cameroon,2016,31.9,CMR,0.450545,1
CPV,Cape Verde,1990,38.1,CPV,0.3172,1
CPV,Cape Verde,2016,54.8,CPV,0.565795,1
TCD,Chad,1990,18.3,TCD,0.1828,1
TCD,Chad,2016,25.4,TCD,0.295011,1
CIV,Cote d'Ivoire,1990,19.9,CIV,0.2774,1
CIV,Cote d'Ivoire,2016,27.3,CIV,0.407017,1
GMB,The Gambia,1990,27.4,GMB,0.2543,1
GMB,The Gambia,2016,35.7,GMB,0.352452,1
GHA,Ghana,1990,25.6,GHA,0.3562,1
GHA,Ghana,2016,39.3,GHA,0.499401,1
GIN,Guinea,1990,17.1,GIN,0.2134,1
GIN,Guinea,2016,26.4,GIN,0.315884,1
GNB,Guinea-Bissau,1990,12.8,GNB,0.2084,1
GNB,Guinea-Bissau,2016,23.4,GNB,0.333121,1
LBR,Liberia,1990,20.5,LBR,0.2184,1
LBR,Liberia,2016,32.2,LBR,0.326658,1
MLI,Mali,1990,16.7,MLI,0.1380,1
MLI,Mali,2016,34.9,MLI,0.26743,1
MRT,Mauritania,1990,24,MRT,0.3218,1
MRT,Mauritania,2016,40.6,MRT,0.48177,1
NER,Niger,1990,15.7,NER,0.1377,1
NER,Niger,2016,28.4,NER,0.195478,1
NGA,Nigeria,1990,27.5,NGA,0.3218,1
NGA,Nigeria,2016,41.9,NGA,0.47924,1
STP,Sao Tome and Principe,1990,25.9,STP,0.2889,1
STP,Sao Tome and Principe,2016,39.3,STP,0.433778,1
SEN,Senegal,1990,22.4,SEN,0.2402,1
SEN,Senegal,2016,31.1,SEN,0.353953,1
SLE,Sierra Leone,1990,20.8,SLE,0.2175,1
SLE,Sierra Leone,2016,31,SLE,0.352107,1
TGO,Togo,1990,21.7,TGO,0.2480,1
TGO,Togo,2016,32,TGO,0.397408,1
ASM,American Samoa,1990,47.6,ASM,0.6168,1
ASM,American Samoa,2016,59.5,ASM,0.742037,1
BMU,Bermuda,1990,63.1,BMU,0.7331,1
BMU,Bermuda,2016,83.1,BMU,0.818569,1
GRL,Greenland,1990,54,GRL,0.7504,1
GRL,Greenland,2016,67.5,GRL,0.815882,1
GUM,Guam,1990,61.9,GUM,0.7554,1
GUM,Guam,2016,68.7,GUM,0.82248,1
CHN_354,Hong Kong,1990,71.8,CHN,0.703504,0
USA_544,Massachusetts,2016,92.5,USA,0.93487,0
CHN_361,Macao ,1990,68,CHN,0.700446,0
USA_546,Minnesota,2016,92.3,USA,0.909104,0
MNP,Northern Mariana Islands,1990,61.5,MNP,0.7051,1
MNP,Northern Mariana Islands,2016,73.7,MNP,0.797212,1
PRI,Puerto Rico,1990,67.1,PRI,0.7669,1
PRI,Puerto Rico,2016,82.7,PRI,0.874656,1
VIR,"Virgin Islands, U.S.",1990,57.2,VIR,0.7766,1
VIR,"Virgin Islands, U.S.",2016,74,VIR,0.877498,1
GBR_433,Northern Ireland,1990,78.6,GBR,0.781698,0
USA_570,Washington,2016,92,USA,0.911617,0
GBR_434,Scotland,1990,74.2,GBR,0.755313,0
USA_552,New Hampshire,2016,91.7,USA,0.931102,0
SSD,South Sudan,1990,22,SSD,0.0824,1
SSD,South Sudan,2016,26.8,SSD,0.191649,1
CHN_491,Anhui,1990,45,CHN,0.445829,0
USA_529,Connecticut,2016,91.5,USA,0.930122,0
CHN_492,Beijing,1990,60.5,CHN,0.670681,0
CHN_492,Beijing,2016,91.5,CHN,0.841544,0
CHN_493,Chongqing,1990,42.6,CHN,0.474033,0
USA_568,Vermont,2016,91.2,USA,0.920369,0
CHN_494,Fujian,1990,45.8,CHN,0.479688,0
JPN_35436,Tokyo,2016,95.1,JPN,0.919758,0
CHN_495,Gansu,1990,38.6,CHN,0.438413,0
USA_534,Hawaii,2016,91.1,USA,0.900884,0
CHN_496,Guangdong,1990,47.6,CHN,0.536443,0
USA_527,California,2016,91,USA,0.897787,0
CHN_497,Guangxi,1990,38.8,CHN,0.458477,0
GBR_4624,Greater London,2016,92.1,GBR,0.914928,0
CHN_498,Guizhou,1990,29.8,CHN,0.376047,0
USA_560,Oregon,2016,90.9,USA,0.903138,0
CHN_499,Hainan,1990,41.6,CHN,0.510778,0
USA_528,Colorado,2016,90.8,USA,0.914742,0
CHN_500,Hebei,1990,49.3,CHN,0.508687,0
USA_555,New York,2016,90.7,USA,0.919506,0
CHN_501,Heilongjiang,1990,48.9,CHN,0.556578,0
USA_572,Wisconsin,2016,90.6,USA,0.901637,0
CHN_502,Henan,1990,44.6,CHN,0.471428,0
USA_562,Rhode Island,2016,90.4,USA,0.920576,0
CHN_503,Hubei,1990,44.2,CHN,0.503857,0
USA_553,New Jersey,2016,90.4,USA,0.917881,0
CHN_504,Hunan,1990,41.7,CHN,0.485393,0
USA_542,Maine,2016,90.4,USA,0.905991,0
CHN_505,Inner Mongolia,1990,44.8,CHN,0.511756,0
USA_569,Virginia,2016,90,USA,0.913383,0
CHN_506,Jiangsu,1990,51.7,CHN,0.538938,0
USA_557,North Dakota,2016,89.9,USA,0.896056,0
CHN_507,Jiangxi,1990,38.8,CHN,0.448504,0
USA_538,Iowa,2016,89.9,USA,0.892861,0
CHN_508,Jilin,1990,46.9,CHN,0.537018,0
USA_532,Florida,2016,89.6,USA,0.898278,0
CHN_509,Liaoning,1990,53.7,CHN,0.5916,0
CHN_514,Shanghai,2016,89.6,CHN,0.825992,0
CHN_510,Ningxia,1990,42.8,CHN,0.459864,0
CHN_354,Hong Kong ,2016,89.5,CHN,0.805291,0
CHN_511,Qinghai,1990,31.7,CHN,0.452444,0
USA_536,Illinois,2016,89.3,USA,0.908101,0
CHN_512,Shaanxi,1990,39.9,CHN,0.480326,0
CHN_361,Macao ,2016,89.3,CHN,0.811274,0
CHN_513,Shandong,1990,51.4,CHN,0.515528,0
USA_561,Pennsylvania,2016,89.2,USA,0.907624,0
CHN_514,Shanghai,1990,63.1,CHN,0.684044,0
USA_543,Maryland,2016,88.9,USA,0.920351,0
CHN_515,Shanxi,1990,47.4,CHN,0.51091,0
USA_550,Nebraska,2016,88.9,USA,0.890043,0
CHN_516,Sichuan,1990,38.2,CHN,0.463456,0
JPN_35446,Aichi,2016,93.5,JPN,0.894518,0
CHN_517,Tianjin,1990,58.9,CHN,0.635625,0
USA_549,Montana,2016,88.7,USA,0.893338,0
CHN_518,Tibet,1990,26.1,CHN,0.405953,0
USA_530,Delaware,2016,88.6,USA,0.909431,0
CHN_519,Xinjiang,1990,32.6,CHN,0.486372,0
USA_567,Utah,2016,88.6,USA,0.870411,0
CHN_520,Yunnan,1990,32.7,CHN,0.411674,0
CHN_517,Tianjin,2016,88.6,CHN,0.80732,0
CHN_521,Zhejiang,1990,52.8,CHN,0.523988,0
USA_524,Alaska,2016,88.4,USA,0.896827,0
SDN,Sudan,1990,28.6,SDN,0.2948,1
SDN,Sudan,2016,45.8,SDN,0.518464,1
USA_523,Alabama,1990,76.6,USA,0.831725,0
JPN_35448,Shiga,2016,94.7,JPN,0.88889,0
USA_524,Alaska,1990,79.8,USA,0.845267,0
JPN_35450,Osaka,2016,93.4,JPN,0.888397,0
USA_525,Arizona,1990,80.7,USA,0.837407,0
USA_539,Kansas,2016,88.3,USA,0.89515,0
USA_526,Arkansas,1990,77.3,USA,0.822078,0
JPN_35445,Shizuoka,2016,94.7,JPN,0.886099,0
USA_527,California,1990,80.5,USA,0.841354,0
USA_525,Arizona,2016,88,USA,0.880777,0
USA_528,Colorado,1990,83.8,USA,0.870286,0
USA_573,Wyoming,2016,87.7,USA,0.905349,0
USA_529,Connecticut,1990,84.1,USA,0.889195,0
USA_548,Missouri,2016,87.6,USA,0.892786,0
USA_530,Delaware,1990,80.2,USA,0.867061,0
USA_535,Idaho,2016,87.3,USA,0.872125,0
USA_531,District of Columbia,1990,69.8,USA,0.873851,0
JPN_35432,Tochigi,2016,93.8,JPN,0.884178,0
USA_532,Florida,1990,82.1,USA,0.853523,0
USA_545,Michigan,2016,87.1,USA,0.89713,0
USA_533,Georgia,1990,77.2,USA,0.719665,0
USA_558,Ohio,2016,87.1,USA,0.893214,0
USA_534,Hawaii,1990,84.2,USA,0.854016,0
USA_551,Nevada,2016,87.1,USA,0.885889,0
USA_535,Idaho,1990,81.1,USA,0.832972,0
JPN_35447,Mie,2016,93.9,JPN,0.882887,0
USA_536,Illinois,1990,79.8,USA,0.855741,0
USA_556,North Carolina,2016,86.8,USA,0.88691,0
USA_537,Indiana,1990,80.8,USA,0.847747,0
JPN_35431,Ibaraki,2016,93.7,JPN,0.881266,0
USA_538,Iowa,1990,84.6,USA,0.854189,0
USA_564,South Dakota,2016,86.8,USA,0.881737,0
USA_539,Kansas,1990,83.2,USA,0.856519,0
JPN_35439,Toyama,2016,94.7,JPN,0.880846,0
USA_540,Kentucky,1990,80.6,USA,0.830132,0
JPN_35449,Kyoto,2016,94.5,JPN,0.880833,0
USA_541,Louisiana,1990,77.1,USA,0.823831,0
USA_566,Texas,2016,86.8,USA,0.878111,0
USA_542,Maine,1990,83.6,USA,0.858006,0
JPN_35457,Hiroshima,2016,94.4,JPN,0.880528,0
USA_543,Maryland,1990,80.9,USA,0.87721,0
JPN_35440,Ishikawa,2016,94.7,JPN,0.879545,0
USA_544,Massachusetts,1990,85.6,USA,0.888686,0
JPN_35441,Fukui,2016,94.5,JPN,0.878416,0
USA_545,Michigan,1990,79.5,USA,0.855425,0
USA_537,Indiana,2016,86.4,USA,0.883076,0
USA_546,Minnesota,1990,86.5,USA,0.869874,0
JPN_35433,Gunma,2016,93.8,JPN,0.878104,0
USA_547,Mississippi,1990,74.5,USA,0.812918,0
JPN_35456,Okayama,2016,93.6,JPN,0.877963,0
USA_548,Missouri,1990,80.7,USA,0.847418,0
JPN_35437,Kanagawa,2016,94.6,JPN,0.877773,0
USA_549,Montana,1990,80.8,USA,0.84514,0
JPN_35458,Yamaguchi,2016,93.8,JPN,0.877599,0
USA_550,Nebraska,1990,83,USA,0.854935,0
JPN_35463,Fukuoka,2016,94.2,JPN,0.877488,0
USA_551,Nevada,1990,79.5,USA,0.849825,0
CHN_521,Zhejiang,2016,86.3,CHN,0.75262,0
USA_552,New Hampshire,1990,84.8,USA,0.878719,0
USA_531,District of Columbia,2016,86.1,USA,0.947474,0
USA_553,New Jersey,1990,82.6,USA,0.874906,0
JPN_35443,Nagano,2016,95.1,JPN,0.875911,0
USA_554,New Mexico,1990,77.6,USA,0.82455,0
JPN_35442,Yamanashi,2016,93.6,JPN,0.875396,0
USA_555,New York,1990,80.1,USA,0.868163,0
JPN_35438,Niigata,2016,94.4,JPN,0.875048,0
USA_556,North Carolina,1990,78.7,USA,0.843714,0
JPN_35460,Kagawa,2016,93.2,JPN,0.87459,0
USA_557,North Dakota,1990,82.8,USA,0.846049,0
JPN_35427,Miyagi,2016,94.6,JPN,0.874434,0
USA_558,Ohio,1990,81.1,USA,0.853516,0
CHN_506,Jiangsu,2016,85.9,CHN,0.757058,0
USA_559,Oklahoma,1990,80.5,USA,0.842698,0
USA_540,Kentucky,2016,85.6,USA,0.87398,0
USA_560,Oregon,1990,83.6,USA,0.856906,0
JPN_35444,Gifu,2016,93.4,JPN,0.873435,0
USA_561,Pennsylvania,1990,81.5,USA,0.857931,0
JPN_35451,Hyogo,2016,93.8,JPN,0.872927,0
USA_562,Rhode Island,1990,83,USA,0.86704,0
JPN_35459,Tokushima,2016,91.2,JPN,0.872575,0
USA_563,South Carolina,1990,75.9,USA,0.833994,0
JPN_35430,Fukushima,2016,93.2,JPN,0.872519,0
USA_564,South Dakota,1990,80.5,USA,0.833545,0
GBR_433,Northern Ireland,2016,91.6,GBR,0.872361,0
USA_565,Tennessee,1990,78.7,USA,0.837158,0
JPN_35467,Oita,2016,93.5,JPN,0.872286,0
USA_566,Texas,1990,79.7,USA,0.832301,0
USA_533,Georgia,2016,85.5,USA,0.751327,0
USA_567,Utah,1990,82,USA,0.822268,0
JPN_35435,Chiba,2016,93.9,JPN,0.871145,0
USA_568,Vermont,1990,83.2,USA,0.868867,0
JPN_35424,Hokkaido,2016,93.1,JPN,0.870423,0
USA_569,Virginia,1990,81.8,USA,0.868427,0
USA_554,New Mexico,2016,85.4,USA,0.880952,0
USA_570,Washington,1990,84.5,USA,0.867723,0
GBR_4625,South East England,2016,92.8,GBR,0.870213,0
USA_571,West Virginia,1990,78.9,USA,0.831793,0
JPN_35461,Ehime,2016,92.7,JPN,0.869143,0
USA_572,Wisconsin,1990,84.5,USA,0.858595,0
JPN_35453,Wakayama,2016,92.9,JPN,0.868983,0
USA_573,Wyoming,1990,81.6,USA,0.851612,0
JPN_35425,Aomori,2016,91.7,JPN,0.867215,0
GBR_4618,North East England,1990,74.7,GBR,0.737225,0
JPN_35434,Saitama,2016,93.5,JPN,0.866235,0
GBR_4619,North West England,1990,75.4,GBR,0.745719,0
GBR_4749,England,2016,90.7,GBR,0.866166,0
GBR_4620,Yorkshire and the Humber,1990,76.7,GBR,0.743481,0
JPN_35454,Tottori,2016,92.7,JPN,0.86615,0
GBR_4621,East Midlands,1990,77.6,GBR,0.74592,0
JPN_35464,Saga,2016,92.8,JPN,0.866124,0
GBR_4622,West Midlands,1990,75.8,GBR,0.740815,0
JPN_35426,Iwate,2016,92.9,JPN,0.865497,0
GBR_4623,East of England,1990,80.8,GBR,0.762319,0
JPN_35429,Yamagata,2016,93.3,JPN,0.865159,0
GBR_4624,Greater London,1990,79.7,GBR,0.80668,0
JPN_35428,Akita,2016,92.8,JPN,0.864513,0
GBR_4625,South East England,1990,81,GBR,0.777348,0
JPN_35455,Shimane,2016,92.9,JPN,0.862024,0
GBR_4626,South West England,1990,80.6,GBR,0.762789,0
JPN_35469,Kagoshima,2016,91.1,JPN,0.861108,0
GBR_4636,Wales,1990,76.1,GBR,0.737195,0
JPN_35466,Kumamoto,2016,93.6,JPN,0.859778,0
MEX_4643,Aguascalientes,1990,49.2,MEX,0.586094,0
JPN_35465,Nagasaki,2016,92.8,JPN,0.859463,0
MEX_4644,Baja California,1990,50.1,MEX,0.629284,0
JPN_35468,Miyazaki,2016,93,JPN,0.858057,0
MEX_4645,Baja California Sur,1990,55,MEX,0.643516,0
GBR_4626,South West England,2016,92.4,GBR,0.857203,0
MEX_4646,Campeche,1990,46.4,MEX,0.530006,0
JPN_35462,Kochi,2016,91.8,JPN,0.856961,0
MEX_4647,Coahuila,1990,48.3,MEX,0.604825,0
GBR_4623,East of England,2016,92.2,GBR,0.855379,0
MEX_4648,Colima,1990,45.9,MEX,0.591244,0
JPN_35452,Nara,2016,93,JPN,0.854985,0
MEX_4649,Chiapas,1990,35.1,MEX,0.342025,0
GBR_4619,North West England,2016,88,GBR,0.851365,0
MEX_4650,Chihuahua,1990,46.8,MEX,0.587212,0
GBR_4636,Wales,2016,89.3,GBR,0.848363,0
MEX_4651,Distrito Federal,1990,53.3,MEX,0.671237,0
JPN_35470,Okinawa,2016,90.3,JPN,0.848124,0
MEX_4652,Durango,1990,45.5,MEX,0.535951,0
GBR_4621,East Midlands,2016,89.7,GBR,0.847572,0
MEX_4653,Guanajuato,1990,46.1,MEX,0.497225,0
GBR_4620,Yorkshire and the Humber,2016,89,GBR,0.846188,0
MEX_4654,Guerrero,1990,42.3,MEX,0.441008,0
GBR_4618,North East England,2016,87.8,GBR,0.844059,0
MEX_4655,Hidalgo,1990,43.2,MEX,0.490453,0
GBR_4622,West Midlands,2016,88.1,GBR,0.843688,0
MEX_4656,Jalisco,1990,47.6,MEX,0.564693,0
USA_563,South Carolina,2016,85.2,USA,0.88551,0
MEX_4657,Mexico,1990,47.7,MEX,0.55518,0
GBR_434,Scotland,2016,88.5,GBR,0.83694,0
MEX_4658,Michoacan ,1990,44.6,MEX,0.475508,0
USA_565,Tennessee,2016,85.1,USA,0.884702,0
MEX_4659,Morelos,1990,47.6,MEX,0.587174,0
MEX_4651,Distrito Federal,2016,72.4,MEX,0.819076,0
MEX_4660,Nayarit,1990,46.5,MEX,0.533388,0
BRA_4756,Distrito Federal,2016,75.4,BRA,0.819076,0
MEX_4661,Nuevo Leon,1990,56,MEX,0.659644,0
USA_559,Oklahoma,2016,84.5,USA,0.883143,0
MEX_4662,Oaxaca,1990,37.1,MEX,0.446417,0
USA_541,Louisiana,2016,84.3,USA,0.885316,0
MEX_4663,Puebla,1990,39.7,MEX,0.504588,0
USA_571,West Virginia,2016,84.1,USA,0.876328,0
MEX_4664,Queretaro,1990,45.7,MEX,0.529598,0
MEX_4661,Nuevo Leon,2016,72.8,MEX,0.78687,0
MEX_4665,Quintana Roo,1990,49,MEX,0.575646,0
MEX_4668,Sonora,2016,68.8,MEX,0.776667,0
MEX_4666,San Luis Potosi,1990,43.8,MEX,0.500175,0
MEX_4644,Baja California,2016,70.4,MEX,0.776123,0
MEX_4667,Sinaloa,1990,52,MEX,0.580715,0
CHN_496,Guangdong,2016,83.9,CHN,0.774729,0
MEX_4668,Sonora,1990,50.4,MEX,0.613965,0
MEX_4647,Coahuila,2016,68.1,MEX,0.769951,0
MEX_4669,Tabasco,1990,46,MEX,0.515256,0
MEX_4670,Tamaulipas,2016,72.3,MEX,0.769854,0
MEX_4670,Tamaulipas,1990,51.2,MEX,0.604675,0
MEX_4650,Chihuahua,2016,67.7,MEX,0.76896,0
MEX_4671,Tlaxcala,1990,45.7,MEX,0.524353,0
BRA_4775,Sao Paulo,2016,69.1,BRA,0.760016,0
MEX_4672,Veracruz ,1990,43,MEX,0.500884,0
USA_526,Arkansas,2016,83.8,USA,0.876003,0
MEX_4673,Yucatan,1990,46.4,MEX,0.544717,0
MEX_4645,Baja California Sur,2016,69.6,MEX,0.756569,0
MEX_4674,Zacatecas,1990,46.8,MEX,0.498038,0
MEX_4665,Quintana Roo,2016,67.1,MEX,0.754804,0
GBR_4749,England,1990,78.3,GBR,0.764665,0
MEX_4643,Aguascalientes,2016,67.8,MEX,0.75361,0
BRA_4750,Acre,1990,42.2,BRA,0.448964,0
USA_523,Alabama,2016,83.4,USA,0.883779,0
BRA_4751,Alagoas,1990,38,BRA,0.405558,0
MEX_4648,Colima,2016,67.2,MEX,0.752547,0
BRA_4752,Amazonas,1990,44.1,BRA,0.486238,0
IND_4849,Delhi,2016,56.2,IND,0.751641,0
BRA_4753,Amapa,1990,48.5,BRA,0.47742,0
CHN_513,Shandong,2016,83.2,CHN,0.74248,0
BRA_4754,Bahia,1990,43.4,BRA,0.446889,0
MEX_4667,Sinaloa,2016,71.6,MEX,0.751309,0
BRA_4755,Ceara,1990,47.7,BRA,0.439116,0
BRA_4768,Rio de Janeiro,2016,65.1,BRA,0.749142,0
BRA_4756,Distrito Federal,1990,55.2,BRA,0.671237,0
CHN_509,Liaoning,2016,83.1,CHN,0.745653,0
BRA_4757,Espirito Santo,1990,47.4,BRA,0.552727,0
MEX_4664,Queretaro,2016,67,MEX,0.744341,0
BRA_4758,Goias,1990,46,BRA,0.511053,0
USA_547,Mississippi,2016,81.5,USA,0.873649,0
BRA_4759,Maranhao,1990,40.9,BRA,0.379785,0
MEX_4659,Morelos,2016,67,MEX,0.740879,0
BRA_4760,Minas Gerais,1990,46.4,BRA,0.538875,0
MEX_4656,Jalisco,2016,67.1,MEX,0.740655,0
BRA_4761,Mato Grosso do Sul,1990,46.9,BRA,0.514112,0
BRA_4773,Santa Catarina,2016,68.6,BRA,0.739572,0
BRA_4762,Mato Grosso,1990,46.2,BRA,0.523769,0
IND_4850,Goa,2016,64.8,IND,0.738392,0
BRA_4763,Para,1990,43.7,BRA,0.450949,0
MEX_4666,San Luis Potosi,2016,66,MEX,0.733707,0
BRA_4764,Paraiba,1990,46.5,BRA,0.435949,0
MEX_4657,Mexico,2016,68.2,MEX,0.733514,0
BRA_4765,Parana,1990,48.2,BRA,0.548472,0
BRA_4772,Rio Grande do Sul,2016,68.1,BRA,0.731632,0
BRA_4766,Pernambuco,1990,41.9,BRA,0.46774,0
CHN_494,Fujian,2016,81.2,CHN,0.727419,0
BRA_4767,Piaui,1990,48.5,BRA,0.407649,0
CHN_505,Inner Mongolia,2016,79.9,CHN,0.72764,0
BRA_4768,Rio de Janeiro,1990,49.2,BRA,0.620399,0
MEX_4646,Campeche,2016,67.4,MEX,0.725795,0
BRA_4769,Rio Grande do Norte,1990,47.4,BRA,0.461045,0
MEX_4660,Nayarit,2016,66.2,MEX,0.723263,0
BRA_4770,Rondonia,1990,42.5,BRA,0.476976,0
CHN_500,Hebei,2016,79.9,CHN,0.722492,0
BRA_4771,Roraima,1990,44.5,BRA,0.502701,0
BRA_4765,Parana,2016,65.3,BRA,0.722228,0
BRA_4772,Rio Grande do Sul,1990,52.7,BRA,0.585346,0
BRA_4757,Espirito Santo,2016,64.1,BRA,0.721443,0
BRA_4773,Santa Catarina,1990,51.2,BRA,0.568991,0
MEX_4671,Tlaxcala,2016,66.3,MEX,0.719511,0
BRA_4774,Sergipe,1990,43.7,BRA,0.452752,0
CHN_508,Jilin,2016,79.3,CHN,0.7187,0
BRA_4775,Sao Paulo,1990,52,BRA,0.61532,0
MEX_4673,Yucatan,2016,65.6,MEX,0.718689,0
BRA_4776,Tocantins,1990,48.6,BRA,0.468992,0
CHN_503,Hubei,2016,79.1,CHN,0.706265,0
IND_4841,Andhra Pradesh,1990,27,IND,0.329418,0
CHN_515,Shanxi,2016,78.8,CHN,0.712296,0
IND_4842,Arunachal Pradesh,1990,27.7,IND,0.329644,0
CHN_501,Heilongjiang,2016,78.5,CHN,0.709236,0
IND_4843,Assam,1990,19.9,IND,0.360702,0
MEX_4653,Guanajuato,2016,65.2,MEX,0.710603,0
IND_4844,Bihar,1990,23.3,IND,0.306202,0
CHN_502,Henan,2016,78,CHN,0.706189,0
IND_4846,Chhattisgarh,1990,23.6,IND,0.304235,0
MEX_4652,Durango,2016,65.2,MEX,0.709147,0
IND_4849,Delhi,1990,32.5,IND,0.524014,0
CHN_491,Anhui,2016,77,CHN,0.651442,0
IND_4850,Goa,1990,38,IND,0.472982,0
CHN_493,Chongqing,2016,76.7,CHN,0.700448,0
IND_4851,Gujarat,1990,28.6,IND,0.388593,0
MEX_4669,Tabasco,2016,66.1,MEX,0.705644,0
IND_4852,Haryana,1990,31.3,IND,0.395346,0
BRA_4760,Minas Gerais,2016,64.5,BRA,0.70162,0
IND_4853,Himachal Pradesh,1990,32.2,IND,0.374258,0
CHN_504,Hunan,2016,75.8,CHN,0.696905,0
IND_4854,Jammu and Kashmir,1990,28.2,IND,0.342703,0
MEX_4674,Zacatecas,2016,64.2,MEX,0.698558,0
IND_4855,Jharkhand,1990,21.3,IND,0.300299,0
BRA_4762,Mato Grosso,2016,62.5,BRA,0.698503,0
IND_4856,Karnataka,1990,29.9,IND,0.359543,0
IND_44538,Union Territories other than Delhi,2016,54.3,IND,0.698052,0
IND_4857,Kerala,1990,43.1,IND,0.428884,0
CHN_512,Shaanxi,2016,74.8,CHN,0.696449,0
IND_4859,Madhya Pradesh,1990,23.3,IND,0.331868,0
CHN_510,Ningxia,2016,74.7,CHN,0.664226,0
IND_4860,Maharashtra,1990,30.5,IND,0.417747,0
BRA_4758,Goias,2016,62.7,BRA,0.693364,0
IND_4861,Manipur,1990,30.1,IND,0.363698,0
CHN_507,Jiangxi,2016,73.9,CHN,0.661574,0
IND_4862,Meghalaya,1990,25.9,IND,0.342179,0
MEX_4663,Puebla,2016,62.7,MEX,0.691746,0
IND_4863,Mizoram,1990,33.4,IND,0.414097,0
MEX_4672,Veracruz ,2016,63.8,MEX,0.689651,0
IND_4864,Nagaland,1990,29.4,IND,0.400791,0
BRA_4761,Mato Grosso do Sul,2016,62.4,BRA,0.686345,0
IND_4865,Odisha,1990,19.7,IND,0.304985,0
BRA_4752,Amazonas,2016,60.4,BRA,0.685826,0
IND_4867,Punjab,1990,32.6,IND,0.409432,0
MEX_4658,Michoacan ,2016,64.9,MEX,0.685316,0
IND_4868,Rajasthan,1990,25.9,IND,0.314674,0
MEX_4655,Hidalgo,2016,64.3,MEX,0.684841,0
IND_4869,Sikkim,1990,28.5,IND,0.337458,0
BRA_4753,Amapa,2016,60.3,BRA,0.683793,0
IND_4870,Tamil Nadu,1990,30.2,IND,0.376395,0
BRA_4771,Roraima,2016,60.6,BRA,0.683218,0
IND_4871,Telangana,1990,28,IND,0.316976,0
IND_4857,Kerala,2016,63.9,IND,0.682667,0
IND_4872,Tripura,1990,28.1,IND,0.35786,0
CHN_516,Sichuan,2016,73.7,CHN,0.676774,0
IND_4873,Uttar Pradesh,1990,21.1,IND,0.319573,0
BRA_4770,Rondonia,2016,62.2,BRA,0.670826,0
IND_4874,Uttarakhand,1990,25.3,IND,0.316616,0
IND_4853,Himachal Pradesh,2016,51.7,IND,0.669397,0
IND_4875,West Bengal,1990,26.6,IND,0.365981,0
BRA_4776,Tocantins,2016,61.2,BRA,0.667964,0
JPN_35424,Hokkaido,1990,79.9,JPN,0.813378,0
IND_4860,Maharashtra,2016,49.8,IND,0.665736,0
JPN_35425,Aomori,1990,77.6,JPN,0.805475,0
CHN_499,Hainan,2016,73.4,CHN,0.710814,0
JPN_35426,Iwate,1990,80.5,JPN,0.796586,0
CHN_497,Guangxi,2016,73.1,CHN,0.693275,0
JPN_35427,Miyagi,1990,81.5,JPN,0.812676,0
IND_4864,Nagaland,2016,46.1,IND,0.661264,0
JPN_35428,Akita,1990,80.1,JPN,0.801948,0
BRA_4774,Sergipe,2016,59.5,BRA,0.659381,0
JPN_35429,Yamagata,1990,81,JPN,0.793272,0
BRA_4769,Rio Grande do Norte,2016,62.7,BRA,0.656176,0
JPN_35430,Fukushima,1990,79.1,JPN,0.800774,0
IND_4852,Haryana,2016,45,IND,0.654971,0
JPN_35431,Ibaraki,1990,80.1,JPN,0.816501,0
CHN_495,Gansu,2016,70.3,CHN,0.627582,0
JPN_35432,Tochigi,1990,79.7,JPN,0.817552,0
IND_4867,Punjab,2016,49.5,IND,0.649931,0
JPN_35433,Gunma,1990,80.5,JPN,0.812397,0
IND_4870,Tamil Nadu,2016,51.1,IND,0.647624,0
JPN_35434,Saitama,1990,80,JPN,0.810084,0
CHN_519,Xinjiang,2016,67,CHN,0.713238,0
JPN_35435,Chiba,1990,81.2,JPN,0.814791,0
MEX_4662,Oaxaca,2016,59.5,MEX,0.6428,0
JPN_35436,Tokyo,1990,84.1,JPN,0.862245,0
BRA_4750,Acre,2016,57.2,BRA,0.641602,0
JPN_35437,Kanagawa,1990,81.8,JPN,0.821413,0
BRA_4766,Pernambuco,2016,58.2,BRA,0.640436,0
JPN_35438,Niigata,1990,82.5,JPN,0.805279,0
MEX_4654,Guerrero,2016,60,MEX,0.639489,0
JPN_35439,Toyama,1990,82.5,JPN,0.817081,0
IND_4874,Uttarakhand,2016,43.2,IND,0.639191,0
JPN_35440,Ishikawa,1990,82.3,JPN,0.814562,0
CHN_520,Yunnan,2016,66.4,CHN,0.638827,0
JPN_35441,Fukui,1990,82,JPN,0.809914,0
BRA_4754,Bahia,2016,58.8,BRA,0.638314,0
JPN_35442,Yamanashi,1990,81.5,JPN,0.80757,0
BRA_4755,Ceara,2016,59.7,BRA,0.637149,0
JPN_35443,Nagano,1990,81.6,JPN,0.804971,0
IND_4869,Sikkim,2016,50.5,IND,0.631635,0
JPN_35444,Gifu,1990,81.9,JPN,0.811179,0
IND_4863,Mizoram,2016,48.9,IND,0.630429,0
JPN_35445,Shizuoka,1990,82.5,JPN,0.822881,0
BRA_4763,Para,2016,57.8,BRA,0.630113,0
JPN_35446,Aichi,1990,80.9,JPN,0.833411,0
CHN_511,Qinghai,2016,62.1,CHN,0.645033,0
JPN_35447,Mie,1990,81.7,JPN,0.818053,0
BRA_4764,Paraiba,2016,60.4,BRA,0.627043,0
JPN_35448,Shiga,1990,81.4,JPN,0.818563,0
MEX_4649,Chiapas,2016,55.8,MEX,0.621752,0
JPN_35449,Kyoto,1990,80.5,JPN,0.820555,0
IND_4851,Gujarat,2016,45,IND,0.615074,0
JPN_35450,Osaka,1990,78.9,JPN,0.831662,0
IND_4856,Karnataka,2016,46.6,IND,0.614066,0
JPN_35451,Hyogo,1990,79.9,JPN,0.813601,0
IND_4861,Manipur,2016,44.2,IND,0.610001,0
JPN_35452,Nara,1990,81,JPN,0.797227,0
BRA_4751,Alagoas,2016,56.6,BRA,0.609763,0
JPN_35453,Wakayama,1990,80.8,JPN,0.806002,0
IND_4871,Telangana,2016,48.5,IND,0.609436,0
JPN_35454,Tottori,1990,80.6,JPN,0.791309,0
BRA_4767,Piaui,2016,57.8,BRA,0.602484,0
JPN_35455,Shimane,1990,81.2,JPN,0.788265,0
BRA_4759,Maranhao,2016,55,BRA,0.600455,0
JPN_35456,Okayama,1990,81.2,JPN,0.809362,0
IND_4854,Jammu and Kashmir,2016,46.7,IND,0.597715,0
JPN_35457,Hiroshima,1990,81.5,JPN,0.816442,0
CHN_498,Guizhou,2016,61.5,CHN,0.593697,0
JPN_35458,Yamaguchi,1990,81.3,JPN,0.813067,0
IND_4842,Arunachal Pradesh,2016,44.3,IND,0.588876,0
JPN_35459,Tokushima,1990,80.3,JPN,0.808441,0
IND_4841,Andhra Pradesh,2016,46.5,IND,0.585286,0
JPN_35460,Kagawa,1990,81.9,JPN,0.8107,0
IND_4862,Meghalaya,2016,39.6,IND,0.584682,0
JPN_35461,Ehime,1990,80.8,JPN,0.803954,0
IND_4875,West Bengal,2016,47.1,IND,0.580336,0
JPN_35462,Kochi,1990,79.3,JPN,0.791641,0
CHN_518,Tibet,2016,48,CHN,0.57691,0
JPN_35463,Fukuoka,1990,80,JPN,0.816096,0
IND_4872,Tripura,2016,42.3,IND,0.572723,0
JPN_35464,Saga,1990,80.2,JPN,0.798074,0
IND_4843,Assam,2016,34,IND,0.561585,0
JPN_35465,Nagasaki,1990,78.9,JPN,0.794191,0
IND_4846,Chhattisgarh,2016,37.4,IND,0.557531,0
JPN_35466,Kumamoto,1990,80.4,JPN,0.795767,0
IND_4865,Odisha,2016,36.3,IND,0.546868,0
JPN_35467,Oita,1990,80.9,JPN,0.806516,0
IND_4859,Madhya Pradesh,2016,39.5,IND,0.532164,0
JPN_35468,Miyazaki,1990,79.5,JPN,0.79474,0
IND_4868,Rajasthan,2016,40.7,IND,0.529503,0
JPN_35469,Kagoshima,1990,78.6,JPN,0.793327,0
IND_4855,Jharkhand,2016,37.4,IND,0.523046,0
JPN_35470,Okinawa,1990,76,JPN,0.782088,0
IND_4873,Uttar Pradesh,2016,34.9,IND,0.508324,0
IND_44538,Union Territories other than Delhi,1990,36.7,IND,0.460541,0
IND_4844,Bihar,2016,37,IND,0.439801,0